{
  "fpcStiffeners": [
    {
      "id": "e5933",
      "gerber": "Gerber_BottomStiffenerLayer_gpb_0.3.GBSL",
      "layer": "bottom",
      "material": "steel",
      "thickness": "0.3",
      "path": [
        [
          [
            -355.7224,
            158.602,
            "L",
            -352.263,
            150.2504,
            -343.9114,
            146.791,
            341.1266,
            146.791,
            349.4782,
            150.2504,
            352.9376,
            158.602,
            352.9376,
            430.3319,
            343.7352,
            452.5486,
            321.5185,
            461.751,
            -324.3034,
            461.751,
            -346.52,
            452.5485,
            -355.7224,
            430.3319,
            -355.7224,
            158.602
          ]
        ]
      ]
    },
    {
      "id": "e5959",
      "gerber": "Gerber_BottomStiffenerLayer_gpb_0.3.GBSL",
      "layer": "bottom",
      "material": "steel",
      "thickness": "0.3",
      "path": [
        [
          [
            -343.9114,
            -187.854,
            "L",
            341.1266,
            -187.854,
            349.4782,
            -191.3134,
            352.9376,
            -199.665,
            352.9376,
            -471.3949,
            343.7352,
            -493.6116,
            321.5185,
            -502.814,
            -324.3033,
            -502.814,
            -346.52,
            -493.6115,
            -355.7224,
            -471.395,
            -355.7224,
            -199.665,
            -352.263,
            -191.3134,
            -343.8972,
            -187.8481,
            -343.9114,
            -187.854
          ]
        ]
      ]
    },
    {
      "id": "e771",
      "gerber": "Gerber_BottomStiffenerLayer_gpb_0.3.GBSL",
      "layer": "bottom",
      "material": "steel",
      "thickness": "0.3",
      "path": [
        [
          [
            -320.1309,
            500.0816,
            "L",
            -318.1179,
            491.6179,
            -321.3593,
            482.2436,
            -420.3664,
            410.3108,
            -524.815,
            557.3494,
            -427.926,
            627.7434,
            -424.444,
            628.8748,
            -416.6544,
            628.2618,
            -410.5344,
            624.5114,
            -320.1309,
            500.0816
          ]
        ]
      ]
    },
    {
      "id": "e778",
      "gerber": "Gerber_BottomStiffenerLayer_gpb_0.3.GBSL",
      "layer": "bottom",
      "material": "steel",
      "thickness": "0.3",
      "path": [
        [
          [
            -944.3479,
            942.5937,
            "L",
            -935.4951,
            944.7191,
            -789.1987,
            898.0047,
            -781.267,
            891.2304,
            -780.3872,
            880.0508,
            -817.3195,
            766.385,
            -987.7454,
            819.123,
            -949.641,
            936.3964,
            -944.3479,
            942.5937
          ]
        ]
      ]
    },
    {
      "id": "e779",
      "gerber": "Gerber_BottomStiffenerLayer_gpb_0.3.GBSL",
      "layer": "bottom",
      "material": "steel",
      "thickness": "0.3",
      "path": [
        [
          [
            -1384.2359,
            937.3413,
            "L",
            -1346.5993,
            821.508,
            -1517.158,
            769.1786,
            -1553.5851,
            881.2896,
            -1552.7966,
            891.3086,
            -1545.3343,
            897.682,
            -1400.3659,
            944.785,
            -1389.8892,
            943.9605,
            -1384.2359,
            937.3413
          ]
        ]
      ]
    },
    {
      "id": "e780",
      "gerber": "Gerber_BottomStiffenerLayer_gpb_0.3.GBSL",
      "layer": "bottom",
      "material": "steel",
      "thickness": "0.3",
      "path": [
        [
          [
            -1924.7462,
            622.1566,
            "L",
            -1914.4693,
            628.4542,
            -1902.7494,
            625.6405,
            -1807.1962,
            556.2171,
            -1913.5128,
            410.5356,
            -2008.7565,
            479.7342,
            -2015.0542,
            490.0111,
            -2012.2405,
            501.7311,
            -1924.7462,
            622.1566
          ]
        ]
      ]
    },
    {
      "id": "e781",
      "gerber": "Gerber_BottomStiffenerLayer_gpb_0.3.GBSL",
      "layer": "bottom",
      "material": "steel",
      "thickness": "0.3",
      "path": [
        [
          [
            -2158.9081,
            54.2715,
            "L",
            -2154.2956,
            65.407,
            -2143.1601,
            70.0195,
            -2025.0499,
            70.0195,
            -2025.0446,
            -111.0825,
            -2143.1601,
            -111.0825,
            -2154.2956,
            -106.47,
            -2158.9081,
            -95.3345,
            -2158.9081,
            54.2715
          ]
        ]
      ]
    },
    {
      "id": "e788",
      "gerber": "Gerber_BottomStiffenerLayer_gpb_0.3.GBSL",
      "layer": "bottom",
      "material": "steel",
      "thickness": "0.3",
      "path": [
        [
          [
            -407.2668,
            -664.3054,
            "L",
            -417.5437,
            -670.603,
            -429.2636,
            -667.7893,
            -524.8168,
            -598.3658,
            -418.5002,
            -452.6843,
            -323.2565,
            -521.883,
            -316.9588,
            -532.1598,
            -319.7725,
            -543.8799,
            -407.2668,
            -664.3054
          ]
        ]
      ]
    },
    {
      "id": "e789",
      "gerber": "Gerber_BottomStiffenerLayer_gpb_0.3.GBSL",
      "layer": "bottom",
      "material": "steel",
      "thickness": "0.3",
      "path": [
        [
          [
            2155.8951,
            -95.4203,
            "L",
            2151.2826,
            -106.5558,
            2140.1471,
            -111.1683,
            2022.0369,
            -111.1683,
            2022.0316,
            69.9337,
            2140.1471,
            69.9337,
            2151.2826,
            65.3213,
            2155.8951,
            54.1857,
            2155.8951,
            -95.4203
          ]
        ]
      ]
    },
    {
      "id": "e790",
      "gerber": "Gerber_BottomStiffenerLayer_gpb_0.3.GBSL",
      "layer": "bottom",
      "material": "steel",
      "thickness": "0.3",
      "path": [
        [
          [
            -948.2771,
            -981.4901,
            "L",
            -985.9137,
            -865.6568,
            -815.355,
            -813.3273,
            -778.9279,
            -925.4383,
            -779.7164,
            -935.4574,
            -787.1787,
            -941.8307,
            -932.1471,
            -988.9337,
            -942.6238,
            -988.1092,
            -948.2771,
            -981.4901
          ]
        ]
      ]
    },
    {
      "id": "e791",
      "gerber": "Gerber_BottomStiffenerLayer_gpb_0.3.GBSL",
      "layer": "bottom",
      "material": "steel",
      "thickness": "0.3",
      "path": [
        [
          [
            -1390.6651,
            -986.7425,
            "L",
            -1399.5179,
            -988.8678,
            -1545.8143,
            -942.1534,
            -1553.746,
            -935.3791,
            -1554.6258,
            -924.1995,
            -1517.6935,
            -810.5338,
            -1347.2676,
            -863.2718,
            -1385.372,
            -980.5452,
            -1390.6651,
            -986.7425
          ]
        ]
      ]
    },
    {
      "id": "e792",
      "gerber": "Gerber_BottomStiffenerLayer_gpb_0.3.GBSL",
      "layer": "bottom",
      "material": "steel",
      "thickness": "0.3",
      "path": [
        [
          [
            -2015.3821,
            -542.2304,
            "L",
            -2017.3951,
            -533.7666,
            -2014.1537,
            -524.3924,
            -1915.1466,
            -452.4595,
            -1810.698,
            -599.4982,
            -1907.587,
            -669.8922,
            -1911.069,
            -671.0236,
            -1918.8586,
            -670.4105,
            -1924.9786,
            -666.6602,
            -2015.3821,
            -542.2304
          ]
        ]
      ]
    },
    {
      "id": "e793",
      "gerber": "Gerber_BottomStiffenerLayer_gpb_0.3.GBSL",
      "layer": "bottom",
      "material": "steel",
      "thickness": "0.3",
      "path": [
        [
          [
            315.2498,
            -542.1724,
            "L",
            313.2368,
            -533.7087,
            316.4781,
            -524.3344,
            415.4852,
            -452.4016,
            519.9338,
            -599.4402,
            423.0448,
            -669.8342,
            419.5628,
            -670.9656,
            411.7733,
            -670.3526,
            405.6532,
            -666.6022,
            315.2498,
            -542.1724
          ]
        ]
      ]
    },
    {
      "id": "e794",
      "gerber": "Gerber_BottomStiffenerLayer_gpb_0.3.GBSL",
      "layer": "bottom",
      "material": "steel",
      "thickness": "0.3",
      "path": [
        [
          [
            939.9668,
            -987.6845,
            "L",
            931.114,
            -989.8099,
            784.8175,
            -943.0955,
            776.8859,
            -936.3212,
            776.0061,
            -925.1416,
            812.9383,
            -811.4758,
            983.3642,
            -864.2138,
            945.2598,
            -981.4872,
            939.9668,
            -987.6845
          ]
        ]
      ]
    },
    {
      "id": "e795",
      "gerber": "Gerber_BottomStiffenerLayer_gpb_0.3.GBSL",
      "layer": "bottom",
      "material": "steel",
      "thickness": "0.3",
      "path": [
        [
          [
            1382.3547,
            -981.4321,
            "L",
            1344.7182,
            -865.5988,
            1515.2769,
            -813.2693,
            1551.7039,
            -925.3804,
            1550.9154,
            -935.3994,
            1543.4532,
            -941.7727,
            1398.4848,
            -988.8758,
            1388.008,
            -988.0513,
            1382.3547,
            -981.4321
          ]
        ]
      ]
    },
    {
      "id": "e796",
      "gerber": "Gerber_BottomStiffenerLayer_gpb_0.3.GBSL",
      "layer": "bottom",
      "material": "steel",
      "thickness": "0.3",
      "path": [
        [
          [
            1923.8651,
            -664.7474,
            "L",
            1913.5882,
            -671.045,
            1901.8683,
            -668.2313,
            1806.3151,
            -598.8079,
            1912.6316,
            -453.1264,
            2007.8754,
            -522.325,
            2014.1731,
            -532.6019,
            2011.3594,
            -544.3219,
            1923.8651,
            -664.7474
          ]
        ]
      ]
    },
    {
      "id": "e797",
      "gerber": "Gerber_BottomStiffenerLayer_gpb_0.3.GBSL",
      "layer": "bottom",
      "material": "steel",
      "thickness": "0.3",
      "path": [
        [
          [
            2010.501,
            500.1396,
            "L",
            2012.514,
            491.6758,
            2009.2726,
            482.3016,
            1910.2655,
            410.3687,
            1805.8169,
            557.4074,
            1902.7059,
            627.8014,
            1906.1879,
            628.9328,
            1913.9774,
            628.3197,
            1920.0975,
            624.5694,
            2010.501,
            500.1396
          ]
        ]
      ]
    },
    {
      "id": "e798",
      "gerber": "Gerber_BottomStiffenerLayer_gpb_0.3.GBSL",
      "layer": "bottom",
      "material": "steel",
      "thickness": "0.3",
      "path": [
        [
          [
            1386.2839,
            942.6517,
            "L",
            1395.1367,
            944.777,
            1541.4332,
            898.0626,
            1549.3648,
            891.2883,
            1550.2446,
            880.1087,
            1513.3124,
            766.443,
            1342.8865,
            819.181,
            1380.9909,
            936.4544,
            1386.2839,
            942.6517
          ]
        ]
      ]
    },
    {
      "id": "e799",
      "gerber": "Gerber_BottomStiffenerLayer_gpb_0.3.GBSL",
      "layer": "bottom",
      "material": "steel",
      "thickness": "0.3",
      "path": [
        [
          [
            946.396,
            937.3993,
            "L",
            984.0325,
            821.566,
            813.4739,
            769.2365,
            777.0468,
            881.3475,
            777.8353,
            891.3666,
            785.2976,
            897.7399,
            930.2659,
            944.843,
            940.7427,
            944.0184,
            946.396,
            937.3993
          ]
        ]
      ]
    },
    {
      "id": "e800",
      "gerber": "Gerber_BottomStiffenerLayer_gpb_0.3.GBSL",
      "layer": "bottom",
      "material": "steel",
      "thickness": "0.3",
      "path": [
        [
          [
            405.8857,
            622.2146,
            "L",
            416.1625,
            628.5122,
            427.8825,
            625.6985,
            523.4356,
            556.275,
            417.1191,
            410.5936,
            321.8754,
            479.7922,
            315.5777,
            490.0691,
            318.3914,
            501.7891,
            405.8857,
            622.2146
          ]
        ]
      ]
    }
  ]
}