{
  "fpcStiffeners": [
    {
      "id": "e3488",
      "gerber": "Gerber_BottomStiffenerLayer_pib_0.25.GBSL",
      "layer": "bottom",
      "material": "pi",
      "thickness": "0.25",
      "path": [
        [
          [
            -339.6204,
            158,
            "L",
            -335.9114,
            154.291,
            255.791,
            154.291,
            264,
            162.5,
            264,
            275,
            281,
            292,
            349,
            292,
            350.5,
            293.5,
            350.5,
            449,
            338.6979,
            460.8021,
            -326.1979,
            460.8021,
            -339,
            448,
            -339,
            158.5,
            -338.5,
            158,
            -339.6204,
            158
          ]
        ]
      ]
    }
  ]
}